,Player,Position,Team,Games PLayed,Shots,Goals,Total Shots,Shot Assists,Goal Assists,Primary Assists,Complete Passes,Incomplete Passes,Takeaways,Puck Recoveries,Zone Carries,Dump Ins,Played Entries,Danger Passes,Danger Shots
0,Emily Clark,F,Olympic (Women) - Canada,7,14.0,1.0,15.0,10.0,0.0,10.0,63.0,34.0,14.0,80.0,13.0,9.0,4.0,10.0,3.0
1,Meaghan Mikkelson,D,Olympic (Women) - Canada,5,10.0,0.0,10.0,4.0,0.0,4.0,112.0,23.0,7.0,93.0,3.0,8.0,0.0,5.0,1.0
2,Sarah Nurse,F,Olympic (Women) - Canada,10,43.0,2.0,45.0,14.0,0.0,14.0,88.0,44.0,14.0,102.0,39.0,16.0,6.0,20.0,26.0
3,Lyudmila Belyakova,F,Olympic (Women) - Olympic Athletes from Russia,2,6.0,0.0,6.0,1.0,0.0,1.0,10.0,9.0,3.0,15.0,4.0,0.0,0.0,1.0,4.0
4,Maria Batalova,D,Olympic (Women) - Olympic Athletes from Russia,2,5.0,0.0,5.0,6.0,0.0,6.0,42.0,16.0,5.0,56.0,1.0,4.0,0.0,1.0,0.0
5,Olga Sosina,F,Olympic (Women) - Olympic Athletes from Russia,2,10.0,0.0,10.0,4.0,0.0,4.0,17.0,16.0,3.0,21.0,4.0,1.0,0.0,2.0,0.0
6,Valeria Pavlova,F,Olympic (Women) - Olympic Athletes from Russia,2,12.0,0.0,12.0,0.0,0.0,0.0,14.0,6.0,3.0,25.0,11.0,1.0,1.0,1.0,9.0
7,Laura Stacey,F,Olympic (Women) - Canada,10,26.0,0.0,26.0,9.0,3.0,12.0,63.0,18.0,13.0,69.0,22.0,16.0,2.0,9.0,11.0
8,Marie-Philip Poulin,F,Olympic (Women) - Canada,8,39.0,4.0,43.0,47.0,1.0,48.0,231.0,56.0,32.0,135.0,32.0,10.0,10.0,28.0,20.0
9,Renata Fast,D,Olympic (Women) - Canada,10,22.0,0.0,22.0,10.0,0.0,10.0,185.0,84.0,27.0,217.0,14.0,10.0,2.0,7.0,3.0
10,Melodie Daoust,F,Olympic (Women) - Canada,7,28.0,3.0,31.0,21.0,2.0,23.0,152.0,46.0,11.0,97.0,20.0,8.0,6.0,23.0,24.0
11,Yelena Dergachyova,F,Olympic (Women) - Olympic Athletes from Russia,2,3.0,0.0,3.0,2.0,0.0,2.0,19.0,13.0,4.0,30.0,4.0,2.0,1.0,3.0,2.0
12,Anna Shokhina,F,Olympic (Women) - Olympic Athletes from Russia,2,5.0,0.0,5.0,0.0,0.0,0.0,15.0,18.0,5.0,28.0,4.0,7.0,0.0,3.0,0.0
13,Meghan Agosta,F,Olympic (Women) - Canada,5,39.0,2.0,41.0,21.0,2.0,23.0,82.0,38.0,12.0,85.0,34.0,8.0,5.0,27.0,17.0
14,Yekaterina Nikolayeva,D,Olympic (Women) - Olympic Athletes from Russia,2,1.0,0.0,1.0,0.0,0.0,0.0,23.0,20.0,5.0,37.0,0.0,0.0,0.0,1.0,0.0
15,Brigette Lacquette,D,Olympic (Women) - Canada,10,56.0,0.0,56.0,22.0,2.0,24.0,251.0,70.0,20.0,179.0,2.0,5.0,2.0,17.0,2.0
16,Angelina Goncharenko,D,Olympic (Women) - Olympic Athletes from Russia,2,2.0,0.0,2.0,0.0,0.0,0.0,18.0,15.0,2.0,32.0,0.0,2.0,2.0,0.0,0.0
17,Liana Ganeyeva,D,Olympic (Women) - Olympic Athletes from Russia,2,1.0,0.0,1.0,0.0,0.0,0.0,24.0,19.0,7.0,36.0,0.0,0.0,0.0,0.0,0.0
18,Haley Irwin,F,Olympic (Women) - Canada,5,10.0,2.0,12.0,7.0,0.0,7.0,51.0,18.0,4.0,41.0,2.0,2.0,2.0,9.0,9.0
19,Rebecca Johnston,F,Olympic (Women) - Canada,10,77.0,3.0,80.0,40.0,0.0,40.0,218.0,77.0,16.0,179.0,56.0,16.0,6.0,48.0,42.0
20,Laura Fortino,D,Olympic (Women) - Canada,10,47.0,1.0,48.0,29.0,2.0,31.0,325.0,85.0,26.0,229.0,8.0,20.0,6.0,15.0,13.0
21,Brianne Jenner,F,Olympic (Women) - Canada,10,54.0,3.0,57.0,23.0,2.0,25.0,150.0,69.0,28.0,151.0,42.0,19.0,2.0,38.0,33.0
22,Yevgenia Dyupina,F,Olympic (Women) - Olympic Athletes from Russia,2,2.0,0.0,2.0,0.0,0.0,0.0,5.0,3.0,0.0,18.0,1.0,0.0,1.0,0.0,0.0
23,Yekaterina Smolina,F,Olympic (Women) - Olympic Athletes from Russia,2,2.0,0.0,2.0,1.0,0.0,1.0,7.0,7.0,5.0,16.0,4.0,2.0,0.0,0.0,0.0
24,Natalie Spooner,F,Olympic (Women) - Canada,10,44.0,0.0,44.0,9.0,2.0,11.0,75.0,66.0,23.0,112.0,33.0,16.0,2.0,36.0,23.0
25,Nadezhda Morozova,G,Olympic (Women) - Olympic Athletes from Russia,1,0.0,0.0,0.0,0.0,0.0,0.0,4.0,0.0,0.0,4.0,0.0,0.0,0.0,0.0,0.0
26,Ann-Renee Desbiens,G,Olympic (Women) - Canada,1,0.0,0.0,0.0,0.0,0.0,0.0,12.0,2.0,0.0,14.0,0.0,0.0,0.0,0.0,0.0
27,Jocelyne Larocque,D,Olympic (Women) - Canada,10,25.0,0.0,25.0,12.0,0.0,12.0,215.0,78.0,22.0,205.0,6.0,18.0,3.0,6.0,2.0
28,Fanuza Kadirova,F,Olympic (Women) - Olympic Athletes from Russia,1,2.0,0.0,2.0,0.0,0.0,0.0,4.0,6.0,1.0,12.0,3.0,0.0,1.0,1.0,0.0
29,Bailey Bram,F,Olympic (Women) - Canada,4,3.0,0.0,3.0,1.0,0.0,1.0,3.0,3.0,0.0,6.0,0.0,1.0,0.0,0.0,2.0
30,Lauriane Rougeau,D,Olympic (Women) - Canada,5,5.0,0.0,5.0,4.0,0.0,4.0,114.0,23.0,6.0,94.0,3.0,4.0,2.0,5.0,4.0
31,Nina Pirogova,D,Olympic (Women) - Olympic Athletes from Russia,2,4.0,0.0,4.0,2.0,0.0,2.0,22.0,9.0,5.0,21.0,2.0,0.0,0.0,0.0,2.0
32,Jillian Saulnier,F,Olympic (Women) - Canada,10,18.0,1.0,19.0,23.0,0.0,23.0,85.0,32.0,15.0,65.0,19.0,13.0,1.0,16.0,10.0
33,Yekaterina Lovova,D,Olympic (Women) - Olympic Athletes from Russia,2,1.0,0.0,1.0,1.0,0.0,1.0,16.0,12.0,4.0,19.0,0.0,0.0,0.0,0.0,0.0
34,Jennifer Wakefield,F,Olympic (Women) - Canada,5,24.0,2.0,26.0,7.0,0.0,7.0,32.0,20.0,5.0,41.0,14.0,5.0,3.0,11.0,12.0
35,Alevtina Shtaryova,F,Olympic (Women) - Olympic Athletes from Russia,2,1.0,0.0,1.0,3.0,0.0,3.0,14.0,8.0,4.0,16.0,6.0,3.0,0.0,1.0,1.0
36,Blayre Turnbull,F,Olympic (Women) - Canada,10,20.0,1.0,21.0,12.0,0.0,12.0,93.0,39.0,16.0,104.0,27.0,13.0,4.0,10.0,9.0
37,Nadezhda Alexandrova,G,Olympic (Women) - Olympic Athletes from Russia,2,0.0,0.0,0.0,0.0,0.0,0.0,1.0,1.0,0.0,0.0,0.0,0.0,0.0,0.0,0.0
38,Alyona Starovoitova,F,Olympic (Women) - Olympic Athletes from Russia,2,1.0,0.0,1.0,0.0,0.0,0.0,3.0,4.0,0.0,6.0,2.0,1.0,0.0,0.0,0.0
39,Diana Kanayeva,F,Olympic (Women) - Olympic Athletes from Russia,2,1.0,0.0,1.0,1.0,0.0,1.0,3.0,5.0,1.0,8.0,2.0,2.0,0.0,1.0,0.0
40,Svetlana Tkachyova,D,Olympic (Women) - Olympic Athletes from Russia,1,0.0,0.0,0.0,0.0,0.0,0.0,0.0,1.0,0.0,1.0,0.0,0.0,0.0,0.0,0.0
41,Isa Rahunen,D,Olympic (Women) - Finland,3,2.0,0.0,2.0,0.0,0.0,0.0,32.0,17.0,4.0,40.0,0.0,1.0,1.0,0.0,0.0
42,Minnamari Tuominen,D,Olympic (Women) - Finland,3,16.0,0.0,16.0,5.0,0.0,5.0,56.0,19.0,5.0,51.0,1.0,1.0,2.0,5.0,1.0
43,Venla Hovi,F,Olympic (Women) - Finland,3,5.0,0.0,5.0,1.0,0.0,1.0,17.0,13.0,7.0,24.0,6.0,4.0,0.0,4.0,1.0
44,Ronja Savolainen,D,Olympic (Women) - Finland,3,11.0,2.0,13.0,2.0,0.0,2.0,65.0,22.0,8.0,84.0,5.0,7.0,1.0,2.0,3.0
45,Rosa Lindstedt,D,Olympic (Women) - Finland,3,3.0,0.0,3.0,0.0,0.0,0.0,41.0,18.0,8.0,50.0,1.0,3.0,0.0,1.0,2.0
46,Linda Valimaki,F,Olympic (Women) - Finland,3,4.0,0.0,4.0,4.0,0.0,4.0,15.0,8.0,9.0,25.0,7.0,2.0,0.0,2.0,1.0
47,Jenni Hiirikoski,D,Olympic (Women) - Finland,3,19.0,1.0,20.0,8.0,0.0,8.0,99.0,35.0,4.0,109.0,6.0,14.0,1.0,1.0,2.0
48,Annina Rajahuhta,F,Olympic (Women) - Finland,3,3.0,0.0,3.0,1.0,0.0,1.0,7.0,2.0,3.0,9.0,2.0,2.0,1.0,3.0,1.0
49,Sanni Hakala,F,Olympic (Women) - Finland,2,1.0,0.0,1.0,0.0,0.0,0.0,3.0,2.0,1.0,4.0,0.0,1.0,0.0,0.0,1.0
50,Emma Nuutinen,F,Olympic (Women) - Finland,3,2.0,0.0,2.0,2.0,0.0,2.0,12.0,7.0,1.0,13.0,3.0,2.0,0.0,3.0,1.0
51,Noora Tulus,F,Olympic (Women) - Finland,3,5.0,0.0,5.0,8.0,1.0,9.0,38.0,9.0,3.0,21.0,5.0,4.0,0.0,3.0,2.0
52,Tanja Niskanen,F,Olympic (Women) - Finland,3,6.0,0.0,6.0,2.0,0.0,2.0,15.0,3.0,3.0,20.0,6.0,4.0,0.0,0.0,3.0
53,Mira Jalosuo,D,Olympic (Women) - Finland,1,4.0,0.0,4.0,0.0,0.0,0.0,8.0,7.0,2.0,15.0,0.0,0.0,0.0,1.0,0.0
54,Susanna Tapani,F,Olympic (Women) - Finland,3,11.0,2.0,13.0,11.0,0.0,11.0,62.0,24.0,10.0,55.0,19.0,4.0,1.0,9.0,9.0
55,Riikka Sallinen,F,Olympic (Women) - Finland,3,4.0,1.0,5.0,5.0,0.0,5.0,39.0,14.0,5.0,38.0,4.0,0.0,2.0,6.0,4.0
56,Michelle Karvinen,F,Olympic (Women) - Finland,3,15.0,0.0,15.0,6.0,0.0,6.0,66.0,17.0,7.0,48.0,16.0,8.0,2.0,10.0,2.0
57,Shannon Szabados,G,Olympic (Women) - Canada,5,0.0,0.0,0.0,0.0,0.0,0.0,69.0,9.0,4.0,79.0,0.0,0.0,0.0,0.0,0.0
58,Petra Nieminen,F,Olympic (Women) - Finland,3,10.0,0.0,10.0,3.0,1.0,4.0,26.0,6.0,10.0,31.0,13.0,1.0,2.0,1.0,6.0
59,Noora Raty,G,Olympic (Women) - Finland,3,0.0,0.0,0.0,0.0,0.0,0.0,28.0,8.0,1.0,37.0,0.0,0.0,0.0,0.0,0.0
60,Sara Sakkinen,F,Olympic (Women) - Finland,1,2.0,0.0,2.0,0.0,0.0,0.0,3.0,0.0,0.0,5.0,3.0,1.0,0.0,1.0,0.0
61,Saila Saari,F,Olympic (Women) - Finland,1,0.0,0.0,0.0,1.0,0.0,1.0,1.0,2.0,2.0,2.0,0.0,0.0,0.0,0.0,0.0
62,Dani Cameranesi,F,Olympic (Women) - United States,7,23.0,0.0,23.0,20.0,1.0,21.0,105.0,59.0,12.0,102.0,25.0,8.0,4.0,15.0,13.0
63,Brianna Decker,F,Olympic (Women) - United States,7,35.0,1.0,36.0,34.0,0.0,34.0,186.0,44.0,30.0,111.0,31.0,10.0,4.0,19.0,15.0
64,Megan Keller,D,Olympic (Women) - United States,4,23.0,0.0,23.0,10.0,0.0,10.0,123.0,32.0,9.0,87.0,5.0,2.0,2.0,4.0,7.0
65,Emily Pfalzer,D,Olympic (Women) - United States,7,30.0,0.0,30.0,16.0,0.0,16.0,190.0,62.0,16.0,167.0,9.0,17.0,2.0,9.0,7.0
66,Kendall Coyne Schofield,F,Olympic (Women) - United States,7,40.0,2.0,42.0,15.0,1.0,16.0,118.0,60.0,18.0,132.0,47.0,6.0,10.0,28.0,19.0
67,Hannah Brandt,F,Olympic (Women) - United States,6,15.0,1.0,16.0,14.0,0.0,14.0,99.0,51.0,12.0,85.0,10.0,6.0,3.0,17.0,11.0
68,Kali Flanagan,D,Olympic (Women) - United States,2,3.0,0.0,3.0,1.0,0.0,1.0,19.0,11.0,6.0,20.0,5.0,1.0,0.0,3.0,2.0
69,Kelly Pannek,F,Olympic (Women) - United States,4,16.0,0.0,16.0,21.0,0.0,21.0,77.0,20.0,8.0,58.0,19.0,3.0,2.0,13.0,9.0
70,Sidney Morin,D,Olympic (Women) - United States,5,21.0,0.0,21.0,7.0,0.0,7.0,119.0,32.0,5.0,88.0,6.0,2.0,0.0,8.0,1.0
71,Lee Stecklein,D,Olympic (Women) - United States,7,27.0,0.0,27.0,10.0,0.0,10.0,180.0,69.0,19.0,158.0,2.0,5.0,1.0,6.0,3.0
72,Monique Lamoureux,F,Olympic (Women) - United States,2,9.0,1.0,10.0,7.0,0.0,7.0,41.0,5.0,4.0,18.0,7.0,1.0,3.0,4.0,3.0
73,Meghan Duggan,F,Olympic (Women) - United States,2,6.0,0.0,6.0,4.0,0.0,4.0,17.0,7.0,6.0,12.0,4.0,1.0,0.0,3.0,5.0
74,Amanda Pelkey,F,Olympic (Women) - United States,5,8.0,0.0,8.0,0.0,0.0,0.0,18.0,9.0,2.0,17.0,6.0,8.0,0.0,4.0,3.0
75,Gigi Marvin,F,Olympic (Women) - United States,4,9.0,0.0,9.0,7.0,0.0,7.0,24.0,11.0,3.0,23.0,11.0,1.0,3.0,3.0,7.0
76,Cayla Barnes,D,Olympic (Women) - United States,4,18.0,0.0,18.0,14.0,1.0,15.0,112.0,23.0,4.0,84.0,4.0,3.0,1.0,6.0,3.0
77,Maddie Rooney,G,Olympic (Women) - United States,2,0.0,0.0,0.0,0.0,0.0,0.0,29.0,0.0,0.0,27.0,0.0,0.0,0.0,0.0,0.0
78,Kacey Bellamy,D,Olympic (Women) - United States,7,44.0,0.0,44.0,20.0,1.0,21.0,226.0,71.0,16.0,171.0,3.0,6.0,6.0,8.0,2.0
79,Hilary Knight,F,Olympic (Women) - United States,7,48.0,3.0,51.0,24.0,0.0,24.0,144.0,36.0,6.0,107.0,31.0,18.0,8.0,27.0,23.0
80,Amanda Kessel,F,Olympic (Women) - United States,7,25.0,0.0,25.0,27.0,0.0,27.0,110.0,41.0,14.0,77.0,29.0,17.0,3.0,17.0,16.0
81,Jocelyne Lamoureux,F,Olympic (Women) - United States,2,9.0,0.0,9.0,6.0,0.0,6.0,37.0,16.0,2.0,19.0,10.0,1.0,1.0,8.0,5.0
82,Haley Skarupa,F,Olympic (Women) - United States,5,5.0,0.0,5.0,0.0,0.0,0.0,8.0,4.0,2.0,7.0,2.0,3.0,0.0,2.0,3.0
83,Genevieve Lacasse,G,Olympic (Women) - Canada,2,0.0,0.0,0.0,0.0,0.0,0.0,16.0,3.0,0.0,22.0,0.0,0.0,0.0,0.0,0.0
84,Viktoria Kulishova,F,Olympic (Women) - Olympic Athletes from Russia,1,0.0,0.0,0.0,0.0,0.0,0.0,1.0,4.0,1.0,5.0,1.0,0.0,0.0,1.0,0.0
85,Valeria Tarakanova,G,Olympic (Women) - Olympic Athletes from Russia,1,0.0,0.0,0.0,0.0,0.0,0.0,3.0,0.0,0.0,3.0,0.0,0.0,0.0,0.0,0.0
86,Yekaterina Likhachyova,F,Olympic (Women) - Olympic Athletes from Russia,1,0.0,0.0,0.0,0.0,0.0,0.0,1.0,1.0,0.0,4.0,1.0,1.0,0.0,0.0,0.0
87,Kayla Nielsen,F,St. Lawrence Saints,2,10.0,0.0,10.0,7.0,0.0,7.0,25.0,5.0,4.0,23.0,5.0,1.0,0.0,3.0,7.0
88,Justine Reyes,F,St. Lawrence Saints,2,11.0,1.0,12.0,4.0,1.0,5.0,19.0,13.0,5.0,31.0,13.0,2.0,0.0,7.0,6.0
89,Ella Shelton,D,Clarkson Golden Knights,2,18.0,0.0,18.0,5.0,0.0,5.0,82.0,14.0,7.0,72.0,5.0,4.0,0.0,1.0,1.0
90,Skylar Podvey,D,St. Lawrence Saints,2,9.0,0.0,9.0,1.0,1.0,2.0,37.0,6.0,6.0,44.0,3.0,3.0,1.0,1.0,2.0
91,Cassidy Vinkle,F,Clarkson Golden Knights,2,8.0,0.0,8.0,4.0,0.0,4.0,25.0,11.0,7.0,27.0,7.0,3.0,0.0,6.0,5.0
92,Taylar Cianfarano,F,Clarkson Golden Knights,2,11.0,0.0,11.0,5.0,0.0,5.0,31.0,8.0,6.0,30.0,15.0,4.0,0.0,4.0,8.0
93,Taylor Turnquist,D,Clarkson Golden Knights,9,46.0,0.0,46.0,33.0,1.0,34.0,211.0,70.0,22.0,216.0,18.0,11.0,4.0,18.0,9.0
94,Rachael Smith,F,St. Lawrence Saints,2,12.0,0.0,12.0,5.0,0.0,5.0,22.0,13.0,6.0,29.0,10.0,1.0,2.0,5.0,5.0
95,Kelly Mariani,F,Clarkson Golden Knights,2,4.0,0.0,4.0,4.0,0.0,4.0,36.0,8.0,7.0,27.0,10.0,2.0,0.0,3.0,1.0
96,Kalie Grant,F,St. Lawrence Saints,2,5.0,0.0,5.0,3.0,0.0,3.0,19.0,6.0,5.0,27.0,5.0,4.0,0.0,3.0,5.0
97,Loren Gabel,F,Clarkson Golden Knights,4,37.0,3.0,40.0,13.0,1.0,14.0,88.0,26.0,3.0,69.0,23.0,3.0,1.0,19.0,16.0
98,Kassidy Sauve,G,Clarkson Golden Knights,2,0.0,0.0,0.0,0.0,0.0,0.0,16.0,1.0,0.0,20.0,0.0,0.0,0.0,0.0,0.0
99,Jacquie Diffley,D,St. Lawrence Saints,2,0.0,0.0,0.0,0.0,0.0,0.0,28.0,10.0,2.0,33.0,0.0,2.0,1.0,1.0,0.0
100,Nadine Edney,F,St. Lawrence Saints,2,10.0,1.0,11.0,13.0,0.0,13.0,34.0,12.0,6.0,31.0,11.0,5.0,0.0,6.0,5.0
101,Maggie McLaughlin,F,St. Lawrence Saints,2,10.0,0.0,10.0,2.0,0.0,2.0,9.0,17.0,2.0,24.0,4.0,3.0,1.0,2.0,6.0
102,Steph Keryluk,F,St. Lawrence Saints,2,8.0,0.0,8.0,1.0,0.0,1.0,23.0,10.0,2.0,18.0,5.0,5.0,0.0,5.0,2.0
103,Josiane Pozzebon,D,Clarkson Golden Knights,2,8.0,0.0,8.0,9.0,0.0,9.0,82.0,14.0,4.0,57.0,3.0,4.0,0.0,3.0,1.0
104,Michala Pejzlova,F,Clarkson Golden Knights,2,6.0,0.0,6.0,11.0,0.0,11.0,58.0,16.0,3.0,46.0,10.0,1.0,0.0,9.0,6.0
105,Elizabeth Giguere,F,Clarkson Golden Knights,2,17.0,3.0,20.0,5.0,1.0,6.0,38.0,26.0,3.0,27.0,16.0,5.0,0.0,13.0,11.0
106,Taylor Sawka,F,Clarkson Golden Knights,2,0.0,0.0,0.0,1.0,0.0,1.0,3.0,3.0,1.0,2.0,0.0,0.0,0.0,1.0,0.0
107,Emma Keenan,D,Clarkson Golden Knights,2,8.0,0.0,8.0,1.0,0.0,1.0,51.0,15.0,5.0,53.0,2.0,3.0,0.0,0.0,0.0
108,Lydia Grauer,D,St. Lawrence Saints,2,7.0,0.0,7.0,2.0,0.0,2.0,35.0,10.0,7.0,49.0,3.0,4.0,0.0,2.0,0.0
109,Morgan Helgeson,F,Clarkson Golden Knights,2,3.0,2.0,5.0,3.0,0.0,3.0,24.0,4.0,0.0,16.0,3.0,0.0,1.0,1.0,3.0
110,Kristy Pidgeon,F,Clarkson Golden Knights,2,10.0,0.0,10.0,5.0,0.0,5.0,25.0,10.0,3.0,35.0,4.0,6.0,0.0,3.0,4.0
111,Amanda Butterfield,D,St. Lawrence Saints,2,4.0,0.0,4.0,2.0,0.0,2.0,35.0,9.0,5.0,53.0,1.0,1.0,0.0,1.0,0.0
112,Avery Mitchell,D,Clarkson Golden Knights,2,6.0,0.0,6.0,2.0,0.0,2.0,32.0,7.0,3.0,24.0,3.0,2.0,0.0,0.0,0.0
113,Charlea Pedersen,F,St. Lawrence Saints,2,1.0,0.0,1.0,0.0,0.0,0.0,12.0,6.0,4.0,17.0,2.0,2.0,0.0,2.0,0.0
114,Tia Stoddard,F,Clarkson Golden Knights,2,5.0,0.0,5.0,2.0,0.0,2.0,13.0,9.0,3.0,19.0,1.0,3.0,0.0,2.0,2.0
115,Jessica Poirier,F,St. Lawrence Saints,2,2.0,0.0,2.0,0.0,0.0,0.0,13.0,8.0,4.0,18.0,0.0,0.0,0.0,2.0,1.0
116,Claire Dudley,D,St. Lawrence Saints,2,1.0,0.0,1.0,0.0,0.0,0.0,19.0,9.0,1.0,29.0,1.0,1.0,0.0,2.0,0.0
117,Kristen Guerriero,D,St. Lawrence Saints,2,2.0,0.0,2.0,1.0,0.0,1.0,15.0,14.0,3.0,32.0,2.0,1.0,1.0,1.0,0.0
118,Grace Harrison,G,St. Lawrence Saints,1,0.0,0.0,0.0,0.0,0.0,0.0,9.0,1.0,0.0,11.0,0.0,0.0,0.0,0.0,0.0
119,Natalie Wozney,F,St. Lawrence Saints,2,6.0,2.0,8.0,1.0,0.0,1.0,10.0,8.0,4.0,16.0,3.0,2.0,0.0,2.0,4.0
120,Sonjia Shelly,G,St. Lawrence Saints,3,0.0,0.0,0.0,0.0,0.0,0.0,20.0,2.0,0.0,23.0,0.0,0.0,0.0,0.0,0.0
121,Stephanie Voge,F,St. Lawrence Saints,1,0.0,0.0,0.0,0.0,0.0,0.0,0.0,1.0,0.0,3.0,0.0,0.0,0.0,0.0,0.0
122,Brittany Howard,F,Olympic (Women) - Canada,1,0.0,0.0,0.0,0.0,0.0,0.0,0.0,0.0,0.0,1.0,0.0,1.0,0.0,0.0,0.0
123,Alex Cavalini,G,Olympic (Women) - United States,4,0.0,0.0,0.0,0.0,0.0,0.0,55.0,5.0,0.0,60.0,0.0,0.0,0.0,0.0,0.0
124,Megan Bozek,D,Olympic (Women) - United States,5,22.0,0.0,22.0,5.0,0.0,5.0,94.0,41.0,8.0,117.0,2.0,13.0,1.0,4.0,4.0
125,Rebecca Leslie,F,Olympic (Women) - Canada,3,3.0,0.0,3.0,0.0,0.0,0.0,20.0,14.0,5.0,22.0,3.0,5.0,0.0,2.0,3.0
126,Erin Ambrose,D,Olympic (Women) - Canada,5,28.0,0.0,28.0,13.0,0.0,13.0,149.0,34.0,9.0,119.0,2.0,5.0,1.0,14.0,9.0
127,Halli Krzyzaniak,D,Olympic (Women) - Canada,3,11.0,0.0,11.0,4.0,0.0,4.0,47.0,13.0,8.0,35.0,0.0,5.0,0.0,1.0,0.0
128,Savannah Harmon,D,Olympic (Women) - United States,3,5.0,0.0,5.0,0.0,0.0,0.0,17.0,25.0,4.0,38.0,1.0,3.0,0.0,0.0,0.0
129,Hayley Scamurra,F,Olympic (Women) - United States,5,11.0,0.0,11.0,2.0,0.0,2.0,39.0,7.0,7.0,44.0,4.0,3.0,1.0,5.0,7.0
130,Jamie Lee Rattray,F,Olympic (Women) - Canada,5,7.0,2.0,9.0,5.0,1.0,6.0,30.0,16.0,7.0,23.0,6.0,7.0,2.0,6.0,6.0
131,Emerance Maschmeyer,G,Olympic (Women) - Canada,2,0.0,0.0,0.0,0.0,0.0,0.0,22.0,3.0,1.0,26.0,0.0,0.0,0.0,0.0,0.0
132,Dana Trivigno,F,Olympic (Women) - United States,3,4.0,0.0,4.0,1.0,0.0,1.0,12.0,6.0,2.0,10.0,1.0,4.0,0.0,1.0,1.0
133,Alex Carpenter,F,Olympic (Women) - United States,5,16.0,1.0,17.0,10.0,0.0,10.0,75.0,31.0,8.0,65.0,13.0,4.0,3.0,9.0,12.0
134,Zoe Hickel,F,Olympic (Women) - United States,3,0.0,0.0,0.0,1.0,0.0,1.0,4.0,4.0,1.0,4.0,2.0,2.0,0.0,1.0,0.0
135,Shelly Picard,D,Olympic (Women) - United States,4,5.0,0.0,5.0,3.0,0.0,3.0,48.0,18.0,4.0,51.0,0.0,3.0,0.0,1.0,2.0
136,Ann-Sophie Bettez,F,Olympic (Women) - Canada,5,12.0,0.0,12.0,11.0,0.0,11.0,69.0,25.0,10.0,48.0,9.0,15.0,2.0,9.0,9.0
137,Victoria Bach,F,Olympic (Women) - Canada,3,6.0,0.0,6.0,2.0,0.0,2.0,10.0,16.0,9.0,21.0,9.0,3.0,2.0,5.0,2.0
138,Kaitlin Burt,G,Olympic (Women) - United States,1,0.0,0.0,0.0,0.0,0.0,0.0,11.0,1.0,0.0,12.0,0.0,0.0,0.0,0.0,0.0
139,Katelyn Gosling,D,Olympic (Women) - Canada,1,0.0,0.0,0.0,0.0,0.0,0.0,1.0,2.0,1.0,3.0,0.0,0.0,0.0,0.0,0.0
140,Annie Pankowski,F,Olympic (Women) - United States,2,13.0,2.0,15.0,1.0,0.0,1.0,32.0,11.0,2.0,27.0,6.0,4.0,1.0,6.0,4.0
141,Jesse Compher,F,Olympic (Women) - United States,2,5.0,0.0,5.0,3.0,0.0,3.0,15.0,3.0,3.0,13.0,4.0,1.0,0.0,4.0,3.0
142,Mich Zandee-Hart,D,Olympic (Women) - Canada,2,5.0,0.0,5.0,1.0,0.0,1.0,21.0,12.0,0.0,22.0,1.0,2.0,0.0,3.0,1.0
143,Melissa Samoskevich,F,Olympic (Women) - United States,1,0.0,0.0,0.0,0.0,0.0,0.0,9.0,5.0,0.0,7.0,1.0,0.0,0.0,2.0,0.0
144,Jamie Bourbonnais,D,Olympic (Women) - Canada,1,1.0,0.0,1.0,1.0,0.0,1.0,5.0,5.0,1.0,6.0,0.0,0.0,0.0,1.0,0.0
145,Sydney Brodt,F,Olympic (Women) - United States,2,6.0,0.0,6.0,2.0,0.0,2.0,8.0,0.0,3.0,10.0,5.0,1.0,0.0,0.0,3.0
146,Nelli Laitinen,D,Olympic (Women) - Finland,2,5.0,0.0,5.0,0.0,0.0,0.0,15.0,6.0,1.0,16.0,1.0,1.0,0.0,0.0,1.0
147,Elisa Holopainen,F,Olympic (Women) - Finland,2,3.0,0.0,3.0,2.0,0.0,2.0,2.0,1.0,2.0,5.0,2.0,0.0,0.0,0.0,0.0
148,Viivi Vainikka,F,Olympic (Women) - Finland,2,1.0,0.0,1.0,3.0,0.0,3.0,7.0,2.0,3.0,8.0,2.0,2.0,0.0,0.0,0.0
149,Ella Viitasuo,D,Olympic (Women) - Finland,2,0.0,0.0,0.0,0.0,0.0,0.0,2.0,3.0,0.0,4.0,0.0,1.0,0.0,0.0,0.0
150,Jillian Dempsey,F,Boston Pride,6,24.0,3.0,27.0,13.0,2.0,15.0,80.0,36.0,22.0,72.0,16.0,1.0,2.0,14.0,18.0
151,McKenna Brand,F,Boston Pride,7,55.0,3.0,58.0,28.0,3.0,31.0,142.0,34.0,7.0,111.0,41.0,13.0,1.0,23.0,23.0
152,Tereza Vanisova,F,Boston Pride,7,30.0,0.0,30.0,29.0,1.0,30.0,138.0,35.0,17.0,116.0,58.0,3.0,1.0,32.0,20.0
153,Samantha Davis,F,Boston Pride,7,34.0,4.0,38.0,30.0,0.0,30.0,119.0,48.0,18.0,111.0,41.0,11.0,2.0,26.0,27.0
154,Stephanie Anderson,F,Minnesota Whitecaps,4,18.0,0.0,18.0,13.0,0.0,13.0,69.0,30.0,19.0,60.0,13.0,5.0,1.0,13.0,13.0
155,Meghan Lorence,F,Minnesota Whitecaps,4,21.0,0.0,21.0,15.0,1.0,16.0,73.0,29.0,11.0,53.0,17.0,6.0,2.0,16.0,13.0
156,Mallory Souliotis,D,Boston Pride,7,32.0,3.0,35.0,9.0,0.0,9.0,175.0,84.0,22.0,196.0,8.0,6.0,4.0,30.0,4.0
157,Taylor Wenczkowski,F,Boston Pride,7,36.0,1.0,37.0,8.0,0.0,8.0,92.0,31.0,9.0,90.0,16.0,3.0,0.0,9.0,21.0
158,Sydney Baldwin,D,Minnesota Whitecaps,4,32.0,1.0,33.0,2.0,0.0,2.0,112.0,49.0,21.0,126.0,5.0,4.0,2.0,3.0,4.0
159,Kaleigh Fratkin,D,Boston Pride,7,36.0,0.0,36.0,19.0,1.0,20.0,242.0,90.0,16.0,233.0,8.0,11.0,4.0,14.0,3.0
160,Allie Thunstrom,F,Minnesota Whitecaps,4,28.0,0.0,28.0,8.0,0.0,8.0,45.0,24.0,14.0,57.0,27.0,4.0,1.0,12.0,15.0
161,Chelsey Brodt-Rosenthal,D,Minnesota Whitecaps,4,3.0,0.0,3.0,2.0,0.0,2.0,33.0,27.0,4.0,74.0,0.0,4.0,0.0,5.0,0.0
162,Nina Rodgers,F,Minnesota Whitecaps,4,17.0,2.0,19.0,8.0,1.0,9.0,49.0,17.0,13.0,48.0,7.0,1.0,1.0,8.0,9.0
163,Emma Stauber,D,Minnesota Whitecaps,4,11.0,0.0,11.0,3.0,1.0,4.0,70.0,40.0,6.0,81.0,4.0,3.0,1.0,4.0,3.0
164,Christina Putigna,F,Boston Pride,7,37.0,2.0,39.0,14.0,2.0,16.0,98.0,47.0,14.0,102.0,26.0,12.0,3.0,33.0,16.0
165,Haylea Schmid,F,Minnesota Whitecaps,3,9.0,1.0,10.0,4.0,0.0,4.0,25.0,15.0,10.0,27.0,6.0,2.0,2.0,5.0,6.0
166,Winny Brodt-Brown,D,Minnesota Whitecaps,4,5.0,1.0,6.0,2.0,0.0,2.0,34.0,20.0,7.0,48.0,5.0,1.0,0.0,2.0,0.0
167,Lauren Kelly,D,Boston Pride,7,42.0,2.0,44.0,8.0,0.0,8.0,142.0,77.0,19.0,174.0,5.0,12.0,3.0,12.0,4.0
168,Lexie Laing,F,Boston Pride,7,23.0,1.0,24.0,8.0,1.0,9.0,75.0,46.0,17.0,74.0,14.0,7.0,3.0,21.0,16.0
169,Mary Parker,F,Boston Pride,4,10.0,0.0,10.0,7.0,0.0,7.0,34.0,14.0,6.0,37.0,11.0,4.0,0.0,9.0,3.0
170,Jenna Rheault,D,Boston Pride,3,4.0,0.0,4.0,1.0,0.0,1.0,21.0,10.0,4.0,25.0,3.0,2.0,0.0,1.0,1.0
171,Paige Capistran,D,Boston Pride,7,16.0,0.0,16.0,3.0,0.0,3.0,97.0,53.0,8.0,135.0,2.0,6.0,0.0,4.0,2.0
172,Tori Sullivan,F,Boston Pride,7,13.0,0.0,13.0,17.0,0.0,17.0,86.0,16.0,14.0,58.0,14.0,6.0,1.0,9.0,10.0
173,Carlee Turner,F,Boston Pride,7,23.0,0.0,23.0,8.0,0.0,8.0,57.0,22.0,14.0,63.0,18.0,2.0,0.0,12.0,9.0
174,Meaghan Rickard,F,Boston Pride,7,18.0,2.0,20.0,4.0,0.0,4.0,29.0,21.0,12.0,48.0,17.0,8.0,1.0,6.0,15.0
175,Meghara McManus,F,Boston Pride,7,24.0,1.0,25.0,6.0,0.0,6.0,31.0,28.0,17.0,51.0,28.0,8.0,1.0,17.0,18.0
176,Amanda Leveille,G,Minnesota Whitecaps,4,0.0,0.0,0.0,0.0,0.0,0.0,32.0,3.0,0.0,35.0,0.0,0.0,0.0,0.0,0.0
177,Haley Mack,F,Minnesota Whitecaps,4,13.0,2.0,15.0,24.0,1.0,25.0,62.0,28.0,4.0,59.0,26.0,3.0,2.0,19.0,9.0
178,Maddie Rowe,D,Minnesota Whitecaps,4,10.0,0.0,10.0,3.0,0.0,3.0,80.0,43.0,12.0,103.0,3.0,4.0,0.0,7.0,0.0
179,Jonna Curtis,F,Minnesota Whitecaps,4,20.0,1.0,21.0,11.0,0.0,11.0,57.0,37.0,10.0,72.0,26.0,6.0,1.0,21.0,10.0
180,Audra Richards,F,Minnesota Whitecaps,4,14.0,2.0,16.0,4.0,0.0,4.0,27.0,26.0,5.0,51.0,9.0,12.0,0.0,9.0,10.0
181,Meaghan Pezon,F,Minnesota Whitecaps,4,8.0,1.0,9.0,6.0,0.0,6.0,58.0,18.0,9.0,44.0,6.0,4.0,0.0,3.0,5.0
182,Sara Bustad,D,Minnesota Whitecaps,4,12.0,0.0,12.0,0.0,0.0,0.0,27.0,20.0,2.0,45.0,1.0,5.0,0.0,1.0,1.0
183,Lynn Astrup,D,Minnesota Whitecaps,4,2.0,0.0,2.0,0.0,0.0,0.0,3.0,5.0,2.0,7.0,2.0,2.0,0.0,1.0,2.0
184,Brooke White,F,Minnesota Whitecaps,4,0.0,0.0,0.0,1.0,0.0,1.0,7.0,4.0,2.0,9.0,3.0,0.0,0.0,1.0,0.0
185,Lovisa Selander,G,Boston Pride,5,0.0,0.0,0.0,0.0,0.0,0.0,23.0,1.0,0.0,22.0,0.0,0.0,0.0,0.0,0.0
186,Rose Alleva,D,Minnesota Whitecaps,3,2.0,0.0,2.0,0.0,0.0,0.0,5.0,2.0,0.0,7.0,0.0,0.0,0.0,0.0,0.0
187,Kayla Friesen,F,Connecticut Whale,3,23.0,1.0,24.0,7.0,0.0,7.0,36.0,29.0,11.0,60.0,10.0,3.0,1.0,14.0,8.0
188,Tori Howran,D,Connecticut Whale,3,13.0,1.0,14.0,9.0,1.0,10.0,74.0,35.0,13.0,90.0,6.0,3.0,0.0,6.0,0.0
189,Shannon Doyle,D,Connecticut Whale,4,19.0,0.0,19.0,4.0,0.0,4.0,99.0,59.0,17.0,125.0,1.0,3.0,2.0,8.0,1.0
190,Nicole Guagliardo,F,Connecticut Whale,2,7.0,0.0,7.0,3.0,0.0,3.0,22.0,13.0,2.0,24.0,6.0,2.0,1.0,6.0,3.0
191,Alyson Matteau,D,Buffalo Beauts,6,23.0,0.0,23.0,4.0,1.0,5.0,130.0,49.0,28.0,148.0,12.0,5.0,0.0,13.0,3.0
192,Erin Gehen,F,Buffalo Beauts,6,18.0,0.0,18.0,15.0,0.0,15.0,67.0,44.0,14.0,83.0,20.0,13.0,2.0,12.0,8.0
193,Jordan Juron,F,Buffalo Beauts,6,29.0,1.0,30.0,12.0,0.0,12.0,76.0,42.0,21.0,95.0,23.0,12.0,2.0,12.0,15.0
194,Abbie Ives,G,Connecticut Whale,4,0.0,0.0,0.0,0.0,0.0,0.0,13.0,3.0,0.0,22.0,0.0,0.0,0.0,0.0,0.0
195,Marie-Jo Pelletier,D,Buffalo Beauts,6,19.0,0.0,19.0,9.0,0.0,9.0,131.0,54.0,24.0,145.0,12.0,8.0,0.0,7.0,0.0
196,Janine Weber,F,Connecticut Whale,4,29.0,0.0,29.0,7.0,0.0,7.0,48.0,25.0,8.0,56.0,12.0,6.0,2.0,10.0,19.0
197,Carly Jackson,G,Buffalo Beauts,6,0.0,0.0,0.0,0.0,0.0,0.0,49.0,2.0,3.0,55.0,0.0,0.0,0.0,0.0,0.0
198,Whitney Dove,D,Buffalo Beauts,6,23.0,0.0,23.0,5.0,0.0,5.0,105.0,51.0,15.0,149.0,16.0,3.0,1.0,5.0,2.0
199,Emma Vlasic,F,Connecticut Whale,4,15.0,1.0,16.0,10.0,2.0,12.0,58.0,22.0,12.0,62.0,8.0,5.0,0.0,5.0,12.0
200,Dominique Kremer,D,Buffalo Beauts,6,16.0,0.0,16.0,5.0,0.0,5.0,99.0,58.0,29.0,134.0,15.0,16.0,1.0,15.0,6.0
201,Katelynn Russ,F,Connecticut Whale,4,26.0,2.0,28.0,6.0,0.0,6.0,40.0,30.0,11.0,56.0,13.0,8.0,0.0,14.0,13.0
202,Alyssa Wohlfeiler,F,Connecticut Whale,4,24.0,1.0,25.0,15.0,2.0,17.0,87.0,27.0,8.0,52.0,24.0,2.0,0.0,10.0,18.0
203,Autumn MacDougall,F,Buffalo Beauts,6,18.0,3.0,21.0,7.0,0.0,7.0,71.0,48.0,7.0,77.0,17.0,13.0,3.0,20.0,12.0
204,Maggie LaGue,D,Connecticut Whale,4,22.0,0.0,22.0,2.0,0.0,2.0,89.0,43.0,16.0,108.0,9.0,3.0,0.0,6.0,5.0
205,Elena Orlando,D,Connecticut Whale,4,6.0,0.0,6.0,1.0,0.0,1.0,45.0,32.0,7.0,76.0,2.0,1.0,1.0,3.0,0.0
206,Brooke Stacey,F,Buffalo Beauts,6,24.0,0.0,24.0,7.0,0.0,7.0,58.0,35.0,7.0,55.0,19.0,5.0,2.0,8.0,14.0
207,Kayla Meneghin,F,Buffalo Beauts,3,2.0,0.0,2.0,3.0,0.0,3.0,12.0,17.0,2.0,17.0,9.0,1.0,0.0,7.0,1.0
208,Hunter Accursi,F,Buffalo Beauts,6,7.0,0.0,7.0,1.0,0.0,1.0,19.0,14.0,3.0,34.0,6.0,3.0,0.0,4.0,4.0
209,Taylor Marchin,D,Connecticut Whale,4,10.0,0.0,10.0,2.0,0.0,2.0,48.0,39.0,9.0,74.0,1.0,2.0,0.0,8.0,0.0
210,Grace Klienbach,F,Connecticut Whale,4,8.0,0.0,8.0,3.0,0.0,3.0,22.0,12.0,4.0,26.0,4.0,7.0,0.0,2.0,5.0
211,Megan Delay,D,Buffalo Beauts,6,14.0,0.0,14.0,2.0,0.0,2.0,44.0,42.0,14.0,92.0,3.0,4.0,0.0,2.0,1.0
212,Sarah Schwenzfeier,F,Connecticut Whale,4,12.0,0.0,12.0,1.0,0.0,1.0,23.0,23.0,11.0,48.0,11.0,3.0,0.0,5.0,5.0
213,Kaycie Anderson,F,Connecticut Whale,4,14.0,1.0,15.0,4.0,0.0,4.0,18.0,21.0,3.0,38.0,8.0,3.0,0.0,5.0,10.0
214,Maddie Bishop,F,Connecticut Whale,4,4.0,0.0,4.0,3.0,0.0,3.0,13.0,11.0,5.0,15.0,5.0,2.0,0.0,2.0,0.0
215,Amanda Conway,F,Connecticut Whale,4,10.0,1.0,11.0,4.0,0.0,4.0,18.0,17.0,3.0,24.0,8.0,2.0,0.0,3.0,7.0
216,Iveta Klimasova,F,Buffalo Beauts,6,12.0,0.0,12.0,6.0,0.0,6.0,29.0,29.0,5.0,49.0,9.0,7.0,0.0,6.0,5.0
217,Mackenzie Lancaster,F,Connecticut Whale,3,11.0,0.0,11.0,5.0,0.0,5.0,40.0,16.0,3.0,38.0,13.0,2.0,2.0,5.0,7.0
218,Neve Van Pelt,F,Buffalo Beauts,5,6.0,0.0,6.0,4.0,0.0,4.0,21.0,19.0,9.0,38.0,5.0,5.0,0.0,4.0,2.0
219,Kristin Lewicki,F,Buffalo Beauts,6,21.0,2.0,23.0,16.0,1.0,17.0,82.0,39.0,17.0,84.0,24.0,12.0,1.0,17.0,21.0
220,Hanna Beattie,D,Connecticut Whale,4,11.0,0.0,11.0,5.0,0.0,5.0,52.0,43.0,15.0,98.0,5.0,4.0,1.0,4.0,0.0
221,Brittany Colton,D,Buffalo Beauts,6,5.0,0.0,5.0,1.0,0.0,1.0,18.0,8.0,5.0,30.0,9.0,5.0,0.0,2.0,1.0
222,Cassidy MacPherson,F,Buffalo Beauts,6,19.0,0.0,19.0,14.0,0.0,14.0,83.0,40.0,20.0,92.0,25.0,5.0,0.0,19.0,8.0
223,Lenka Curmova,D,Buffalo Beauts,6,15.0,0.0,15.0,2.0,0.0,2.0,50.0,41.0,21.0,88.0,4.0,4.0,0.0,3.0,4.0
224,Shiann Darkangelo,F,Toronto Six,6,36.0,0.0,36.0,22.0,3.0,25.0,154.0,63.0,23.0,141.0,24.0,9.0,4.0,37.0,18.0
225,Emma Greco,D,Toronto Six,6,17.0,0.0,17.0,3.0,0.0,3.0,67.0,59.0,14.0,117.0,4.0,5.0,2.0,7.0,2.0
226,Sammy Kolowrat,D,Metropolitan Riveters,3,5.0,0.0,5.0,1.0,0.0,1.0,46.0,38.0,8.0,82.0,3.0,11.0,0.0,1.0,0.0
227,Kiira Dosdall,D,Metropolitan Riveters,3,17.0,0.0,17.0,6.0,0.0,6.0,91.0,34.0,8.0,88.0,5.0,6.0,1.0,6.0,0.0
228,Madison Packer,F,Metropolitan Riveters,3,15.0,0.0,15.0,10.0,0.0,10.0,74.0,24.0,15.0,56.0,13.0,5.0,2.0,14.0,10.0
229,Emma Woods,F,Toronto Six,4,28.0,0.0,28.0,11.0,0.0,11.0,99.0,26.0,12.0,54.0,16.0,10.0,2.0,19.0,6.0
230,Emily Janiga,F,Metropolitan Riveters,3,8.0,1.0,9.0,3.0,0.0,3.0,30.0,19.0,13.0,36.0,11.0,2.0,1.0,5.0,4.0
231,Sarah Steele,D,Toronto Six,6,17.0,0.0,17.0,14.0,0.0,14.0,158.0,55.0,11.0,141.0,3.0,6.0,2.0,10.0,1.0
232,Megan Quinn,D,Toronto Six,6,15.0,1.0,16.0,10.0,0.0,10.0,107.0,46.0,11.0,137.0,0.0,11.0,0.0,3.0,0.0
233,Kelly Babstock,F,Metropolitan Riveters,3,14.0,0.0,14.0,6.0,2.0,8.0,34.0,16.0,9.0,35.0,17.0,1.0,0.0,11.0,10.0
234,Jayne Lewis,F,Metropolitan Riveters,3,3.0,0.0,3.0,0.0,0.0,0.0,10.0,11.0,0.0,12.0,1.0,1.0,0.0,1.0,1.0
235,Leila Kilduff,D,Metropolitan Riveters,3,5.0,2.0,7.0,4.0,0.0,4.0,47.0,20.0,15.0,40.0,2.0,4.0,0.0,2.0,1.0
236,Breanne Wilson-Bennett,F,Toronto Six,6,31.0,2.0,33.0,22.0,0.0,22.0,95.0,35.0,25.0,107.0,22.0,4.0,3.0,20.0,22.0
237,Lindsay Eastwood,D,Toronto Six,6,36.0,1.0,37.0,14.0,1.0,15.0,150.0,70.0,17.0,152.0,7.0,5.0,2.0,13.0,2.0
238,Kendall Cornine,F,Metropolitan Riveters,3,11.0,0.0,11.0,8.0,0.0,8.0,31.0,15.0,5.0,46.0,11.0,10.0,0.0,6.0,6.0
239,Paige Voight,F,Metropolitan Riveters,3,5.0,0.0,5.0,1.0,0.0,1.0,29.0,21.0,8.0,36.0,6.0,3.0,0.0,5.0,4.0
240,Rebecca Morse,D,Metropolitan Riveters,3,19.0,0.0,19.0,8.0,0.0,8.0,63.0,24.0,13.0,72.0,6.0,8.0,0.0,1.0,6.0
241,Natalie Marcuzzi,F,Toronto Six,6,31.0,0.0,31.0,9.0,0.0,9.0,65.0,37.0,23.0,90.0,18.0,13.0,2.0,11.0,15.0
242,Taylor Woods,F,Toronto Six,6,42.0,4.0,46.0,13.0,0.0,13.0,157.0,46.0,14.0,175.0,16.0,12.0,2.0,11.0,11.0
243,Mallory Rushton,F,Metropolitan Riveters,3,10.0,1.0,11.0,5.0,0.0,5.0,33.0,18.0,3.0,30.0,8.0,1.0,0.0,4.0,8.0
244,Theresa Knutson,F,Metropolitan Riveters,3,16.0,1.0,17.0,7.0,0.0,7.0,36.0,10.0,5.0,32.0,11.0,2.0,1.0,11.0,8.0
245,Allie Olnowich,D,Metropolitan Riveters,3,10.0,0.0,10.0,1.0,0.0,1.0,23.0,7.0,5.0,31.0,1.0,2.0,0.0,1.0,1.0
246,Kristen Barbara,D,Toronto Six,4,7.0,0.0,7.0,4.0,0.0,4.0,64.0,23.0,9.0,60.0,4.0,2.0,0.0,3.0,2.0
247,Elaine Chuli,G,Toronto Six,5,0.0,0.0,0.0,0.0,0.0,0.0,30.0,4.0,0.0,33.0,0.0,0.0,0.0,0.0,0.0
248,Taytum Clairmont,F,Toronto Six,6,13.0,1.0,14.0,13.0,1.0,14.0,82.0,27.0,11.0,67.0,16.0,7.0,2.0,13.0,10.0
249,Julie Allen,F,Toronto Six,6,3.0,0.0,3.0,2.0,0.0,2.0,32.0,20.0,10.0,32.0,2.0,2.0,2.0,8.0,2.0
250,Rebecca Russo,F,Metropolitan Riveters,3,7.0,1.0,8.0,4.0,0.0,4.0,41.0,18.0,5.0,45.0,4.0,5.0,0.0,6.0,6.0
251,Kate Leary,F,Metropolitan Riveters,3,10.0,0.0,10.0,14.0,0.0,14.0,54.0,13.0,5.0,51.0,17.0,4.0,0.0,14.0,5.0
252,Emily Fluke,F,Toronto Six,6,11.0,1.0,12.0,5.0,1.0,6.0,34.0,17.0,8.0,44.0,8.0,9.0,0.0,7.0,6.0
253,Mikyla Grant-Mentis,F,Toronto Six,6,49.0,5.0,54.0,26.0,1.0,27.0,104.0,44.0,19.0,102.0,46.0,10.0,2.0,26.0,20.0
254,Sarah-Eve Coutu Godbout,F,Toronto Six,6,42.0,1.0,43.0,12.0,0.0,12.0,56.0,38.0,13.0,70.0,22.0,11.0,1.0,17.0,20.0
255,Saroya Tinker,D,Metropolitan Riveters,3,7.0,0.0,7.0,2.0,0.0,2.0,46.0,16.0,5.0,56.0,0.0,1.0,1.0,2.0,0.0
256,Amy Curlew,F,Toronto Six,6,9.0,1.0,10.0,3.0,1.0,4.0,39.0,9.0,4.0,32.0,9.0,3.0,0.0,10.0,9.0
257,Brooke Avery,F,Metropolitan Riveters,3,0.0,0.0,0.0,2.0,0.0,2.0,22.0,6.0,2.0,14.0,1.0,2.0,1.0,0.0,0.0
258,Mackenzie MacNeil,F,Toronto Six,6,26.0,2.0,28.0,7.0,0.0,7.0,47.0,32.0,15.0,78.0,29.0,12.0,1.0,24.0,12.0
259,Brooke Boquist,F,Toronto Six,4,27.0,2.0,29.0,11.0,1.0,12.0,71.0,31.0,3.0,48.0,11.0,3.0,0.0,19.0,14.0
260,Cailey Hutchison,F,Metropolitan Riveters,3,4.0,1.0,5.0,2.0,0.0,2.0,15.0,13.0,8.0,21.0,1.0,0.0,1.0,1.0,1.0
261,Victoria Hanson,G,Boston Pride,3,0.0,0.0,0.0,0.0,0.0,0.0,12.0,0.0,1.0,12.0,0.0,0.0,0.0,0.0,0.0
262,Brooke Wolejko,G,Connecticut Whale,1,0.0,0.0,0.0,0.0,0.0,0.0,10.0,1.0,0.0,11.0,0.0,0.0,0.0,0.0,0.0
263,Tera Hofmann,G,Metropolitan Riveters,1,0.0,0.0,0.0,0.0,0.0,0.0,11.0,2.0,0.0,13.0,0.0,0.0,0.0,0.0,0.0
264,Samantha Ridgewell,G,Toronto Six,1,0.0,0.0,0.0,0.0,0.0,0.0,10.0,0.0,0.0,10.0,0.0,0.0,0.0,0.0,0.0
265,Briana Mastel,D,Boston Pride,5,13.0,0.0,13.0,4.0,0.0,4.0,69.0,33.0,6.0,102.0,2.0,0.0,0.0,3.0,1.0
266,Laurel Hill,D,Connecticut Whale,2,3.0,0.0,3.0,0.0,0.0,0.0,14.0,15.0,2.0,26.0,0.0,1.0,0.0,0.0,0.0
267,Taylor Wasylk,F,Buffalo Beauts,4,15.0,0.0,15.0,2.0,0.0,2.0,28.0,19.0,5.0,41.0,9.0,3.0,0.0,9.0,4.0
268,Lisa Chesson,D,Buffalo Beauts,3,9.0,1.0,10.0,1.0,0.0,1.0,46.0,29.0,8.0,62.0,3.0,1.0,0.0,3.0,5.0
269,Caty Flagg,G,Buffalo Beauts,1,0.0,0.0,0.0,0.0,0.0,0.0,1.0,0.0,0.0,1.0,0.0,0.0,0.0,0.0,0.0
270,Rachael Ade,D,Connecticut Whale,1,4.0,0.0,4.0,0.0,0.0,0.0,6.0,2.0,2.0,11.0,2.0,1.0,0.0,1.0,2.0
271,Maeve Reilly,F,Connecticut Whale,1,1.0,0.0,1.0,0.0,0.0,0.0,3.0,3.0,1.0,3.0,1.0,1.0,0.0,0.0,1.0
272,Sarah Hughson,F,Connecticut Whale,1,2.0,0.0,2.0,1.0,0.0,1.0,2.0,2.0,2.0,3.0,0.0,1.0,0.0,1.0,1.0
273,Mariah Fujimagari,G,Connecticut Whale,1,0.0,0.0,0.0,0.0,0.0,0.0,3.0,1.0,0.0,4.0,0.0,0.0,0.0,0.0,0.0
